{"A": [[1.198743883938719, 0.8771826482150502], [0.8740776707675334, 0.5576459833025725], [0.5876418374814045, 0.2839606177045929]], "b": [-0.764950857358718, -0.39356675157804283, -0.11513037018133182], "alpha": 26.118941022245775, "mxx": [100.0, 130.0], "mxy": [5683.524978], "units_x": ["N", "m/s"], "units_y": ["W"], "mass": 0.685}