{"A": [[0.9838030900116767, 1.1867023404145234], [0.41397405182017055, 0.44556965020907785], [1.574188480320146, 4.362333330047205]], "b": [-0.8008780338611432, -0.12391923405331887, -3.803756229243062], "alpha": 12.571511220546165, "mxx": [100.0, 128.0], "mxy": [5774.975388], "units_x": ["N", "m/s"], "units_y": ["W"], "mass": 0.685}