{"A": [[1.4692812997035, 4.163862835151654], [0.9211826312684428, 1.1955599271244108], [0.3967625158370719, 0.45193616752105426]], "b": [-3.5634522785113085, -0.7621105739615686, -0.11411376541284714], "alpha": 12.02445973230126, "mxx": [100.0, 128.0], "mxy": [5926.965582], "units_x": ["N", "m/s"], "units_y": ["W"], "mass": 0.78}