{"A": [[0.6506642389879782, 0.23831173833369312], [0.919979907989803, 0.48791338468559264], [1.258405466654668, 0.8205378306048574]], "b": [-0.11041576099598041, -0.3403940171447007, -0.7393889713048468], "alpha": 28.180375158456012, "mxx": [100.0, 130.0], "mxy": [5679.94886], "units_x": ["N", "m/s"], "units_y": ["W"], "mass": 0.685}